begin;
truncate lms_user_subsection_progress, lms_user_course_enrollments, lms_subsections, lms_lessons, lms_modules, lms_courses, lms_quizzes, lms_quiz_questions, lms_user_certificates restart identity cascade;
insert into lms_courses (id, slug, title, short_description, description, category, level, total_duration_label, completion_type, certificate_enabled, is_sequential, is_published, metadata) values ('course-intro-website-creation', 'introduction-to-website-creation', 'Introduction to Website Creation - Basics of Website Creation', 'Build digital marketing foundations and learn how to plan, design, and optimize a fast, conversion-ready website.', 'This course starts with digital marketing foundations and then walks you through building, designing, and optimizing a website that converts. We will keep it practical, step by step, so you can launch with confidence.', 'Digital Marketing Foundations', 'Beginner', '8+ Hours', 'mandatory_subsection_completion', true, true, true, '{"outcomes":["Understand digital marketing foundations and key channels.","Build a website using WordPress or no-code tools.","Apply UX/UI principles to improve engagement and conversions.","Optimize mobile responsiveness and website speed.","Set up GA4 tracking and use insights to improve performance."],"prerequisites":["Basic familiarity with websites and online browsing.","A willingness to practice with WordPress or a no-code builder."],"resources":[{"title":"Google Digital Garage","url":"https://learndigital.withgoogle.com/digitalgarage"},{"title":"Google Search Central","url":"https://developers.google.com/search/docs"},{"title":"Google Analytics Help","url":"https://support.google.com/analytics/answer/9304153"},{"title":"Meta Business Help Center","url":"https://www.facebook.com/business/help"},{"title":"WordPress Documentation","url":"https://wordpress.org/documentation/"}]}'::jsonb);
insert into lms_modules (id, course_id, title, duration_label, order_index) values ('module-introduction-to-digital-marketing', 'course-intro-website-creation', 'Introduction to Digital Marketing', '2 Hours', 1);
insert into lms_lessons (id, course_id, module_id, title, order_index) values ('lesson-introduction', 'course-intro-website-creation', 'module-introduction-to-digital-marketing', 'Introduction', 1);
insert into lms_subsections (id, course_id, lesson_id, title, order_index, content, video_embed_html) values ('subsection-introduction-definition', 'course-intro-website-creation', 'lesson-introduction', 'Definition', 1, '["In this section, we will define digital marketing and set the stage for why it matters today."]'::jsonb, null);
insert into lms_subsections (id, course_id, lesson_id, title, order_index, content, video_embed_html) values ('subsection-introduction-importance', 'course-intro-website-creation', 'lesson-introduction', 'Importance', 2, '["In this section, we will talk about why digital marketing is essential for modern growth and visibility."]'::jsonb, null);
insert into lms_subsections (id, course_id, lesson_id, title, order_index, content, video_embed_html) values ('subsection-introduction-digital-vs-traditional', 'course-intro-website-creation', 'lesson-introduction', 'Explanation of digital vs traditional marketing', 3, '["In this section, we will compare digital marketing with traditional marketing and clarify the key differences."]'::jsonb, null);
insert into lms_subsections (id, course_id, lesson_id, title, order_index, content, video_embed_html) values ('subsection-introduction-overview', 'course-intro-website-creation', 'lesson-introduction', 'Overview', 4, '["In this section, we will walk through the digital marketing ecosystem at a high level."]'::jsonb, null);
insert into lms_subsections (id, course_id, lesson_id, title, order_index, content, video_embed_html) values ('subsection-introduction-brief-outline', 'course-intro-website-creation', 'lesson-introduction', 'Brief outline of what will be covered in the next 2 hours', 5, '["In this section, we will preview the topics we will cover in this module so you know the roadmap."]'::jsonb, null);
insert into lms_lessons (id, course_id, module_id, title, order_index) values ('lesson-importance-of-digital-marketing', 'course-intro-website-creation', 'module-introduction-to-digital-marketing', 'Importance', 2);
insert into lms_subsections (id, course_id, lesson_id, title, order_index, content, video_embed_html) values ('subsection-importance-crucial-today', 'course-intro-website-creation', 'lesson-importance-of-digital-marketing', 'Why it is crucial today', 1, '["In this section, we will see why digital is now the primary way people discover and choose brands."]'::jsonb, null);
insert into lms_subsections (id, course_id, lesson_id, title, order_index, content, video_embed_html) values ('subsection-importance-shift-traditional', 'course-intro-website-creation', 'lesson-importance-of-digital-marketing', 'Shift from traditional to digital', 2, '["In this section, we will explain the shift from traditional channels to digital-first strategies."]'::jsonb, null);
insert into lms_subsections (id, course_id, lesson_id, title, order_index, content, video_embed_html) values ('subsection-importance-reach-accessibility', 'course-intro-website-creation', 'lesson-importance-of-digital-marketing', 'Reach and accessibility of digital channels', 3, '["In this section, we will show how digital channels unlock global reach and always-on access."]'::jsonb, null);
insert into lms_subsections (id, course_id, lesson_id, title, order_index, content, video_embed_html) values ('subsection-importance-benefits', 'course-intro-website-creation', 'lesson-importance-of-digital-marketing', 'Benefits: increased customer engagement and global reach', 4, '["In this section, we will break down the engagement and scale benefits of digital marketing."]'::jsonb, null);
insert into lms_lessons (id, course_id, module_id, title, order_index) values ('lesson-career-scope', 'course-intro-website-creation', 'module-introduction-to-digital-marketing', 'Career Scope', 3);
insert into lms_subsections (id, course_id, lesson_id, title, order_index, content, video_embed_html) values ('subsection-career-scope-demand', 'course-intro-website-creation', 'lesson-career-scope', 'Rising demand for digital marketers', 1, '["In this section, we will discuss why demand for digital skills is rising across industries."]'::jsonb, null);
insert into lms_subsections (id, course_id, lesson_id, title, order_index, content, video_embed_html) values ('subsection-career-scope-roles', 'course-intro-website-creation', 'lesson-career-scope', 'Roles and career opportunities', 2, '["In this section, we will cover the range of roles you can grow into in digital marketing."]'::jsonb, null);
insert into lms_subsections (id, course_id, lesson_id, title, order_index, content, video_embed_html) values ('subsection-career-scope-skills', 'course-intro-website-creation', 'lesson-career-scope', 'Skills required for digital marketing professionals', 3, '["In this section, we will outline the core skills you need to build a strong foundation."]'::jsonb, null);
insert into lms_subsections (id, course_id, lesson_id, title, order_index, content, video_embed_html) values ('subsection-career-scope-job-seo', 'course-intro-website-creation', 'lesson-career-scope', 'Key job titles: SEO specialist', 4, '["In this section, we will look at what an SEO specialist does and why this role matters."]'::jsonb, null);
insert into lms_subsections (id, course_id, lesson_id, title, order_index, content, video_embed_html) values ('subsection-career-scope-job-smm', 'course-intro-website-creation', 'lesson-career-scope', 'Key job titles: social media manager', 5, '["In this section, we will see how social media managers grow brand visibility and engagement."]'::jsonb, null);
insert into lms_subsections (id, course_id, lesson_id, title, order_index, content, video_embed_html) values ('subsection-career-scope-job-ppc', 'course-intro-website-creation', 'lesson-career-scope', 'Key job titles: PPC expert', 6, '["In this section, we will understand the role of PPC experts in driving paid results."]'::jsonb, null);
insert into lms_subsections (id, course_id, lesson_id, title, order_index, content, video_embed_html) values ('subsection-career-scope-job-content', 'course-intro-website-creation', 'lesson-career-scope', 'Key job titles: content marketer', 7, '["In this section, we will see how content marketers build authority and nurture demand."]'::jsonb, null);
insert into lms_subsections (id, course_id, lesson_id, title, order_index, content, video_embed_html) values ('subsection-career-scope-job-analyst', 'course-intro-website-creation', 'lesson-career-scope', 'Key job titles: digital analyst', 8, '["In this section, we will explore how analysts turn data into strategy and performance gains."]'::jsonb, null);
insert into lms_lessons (id, course_id, module_id, title, order_index) values ('lesson-key-channels-seo', 'course-intro-website-creation', 'module-introduction-to-digital-marketing', 'Key Channels - SEO', 4);
insert into lms_subsections (id, course_id, lesson_id, title, order_index, content, video_embed_html) values ('subsection-keychannels-seo', 'course-intro-website-creation', 'lesson-key-channels-seo', 'SEO', 1, '["In this section, we will introduce SEO as a foundational organic growth channel."]'::jsonb, null);
insert into lms_subsections (id, course_id, lesson_id, title, order_index, content, video_embed_html) values ('subsection-keychannels-seo-what', 'course-intro-website-creation', 'lesson-key-channels-seo', 'What is SEO', 2, '["In this section, we will define SEO and explain how search engines rank pages."]'::jsonb, null);
insert into lms_subsections (id, course_id, lesson_id, title, order_index, content, video_embed_html) values ('subsection-keychannels-seo-importance', 'course-intro-website-creation', 'lesson-key-channels-seo', 'Importance of ranking on search engines', 3, '["In this section, we will cover why search rankings drive traffic and trust."]'::jsonb, null);
insert into lms_subsections (id, course_id, lesson_id, title, order_index, content, video_embed_html) values ('subsection-keychannels-seo-types', 'course-intro-website-creation', 'lesson-key-channels-seo', 'Types of SEO: on-page, off-page', 4, '["In this section, we will break down on-page and off-page SEO with examples."]'::jsonb, null);
insert into lms_subsections (id, course_id, lesson_id, title, order_index, content, video_embed_html) values ('subsection-keychannels-seo-technical', 'course-intro-website-creation', 'lesson-key-channels-seo', 'Technical SEO: best practices and tools', 5, '["In this section, we will cover technical SEO fundamentals and the tools used to audit them."]'::jsonb, null);
insert into lms_lessons (id, course_id, module_id, title, order_index) values ('lesson-key-channels-social', 'course-intro-website-creation', 'module-introduction-to-digital-marketing', 'Key Channels - Social Media Marketing', 5);
insert into lms_subsections (id, course_id, lesson_id, title, order_index, content, video_embed_html) values ('subsection-keychannels-smm', 'course-intro-website-creation', 'lesson-key-channels-social', 'Social media marketing', 1, '["In this section, we will introduce social media marketing and its role in growth."]'::jsonb, null);
insert into lms_subsections (id, course_id, lesson_id, title, order_index, content, video_embed_html) values ('subsection-keychannels-smm-importance', 'course-intro-website-creation', 'lesson-key-channels-social', 'Importance of social media for business growth', 2, '["In this section, we will talk about why social platforms matter for awareness and demand."]'::jsonb, null);
insert into lms_subsections (id, course_id, lesson_id, title, order_index, content, video_embed_html) values ('subsection-keychannels-smm-platforms', 'course-intro-website-creation', 'lesson-key-channels-social', 'Popular platforms: Facebook, Instagram, LinkedIn, TikTok, Twitter', 3, '["In this section, we will cover the major platforms and where they fit."]'::jsonb, null);
insert into lms_subsections (id, course_id, lesson_id, title, order_index, content, video_embed_html) values ('subsection-keychannels-smm-strategies', 'course-intro-website-creation', 'lesson-key-channels-social', 'Strategies: organic vs paid growth', 4, '["In this section, we will compare organic growth with paid amplification strategies."]'::jsonb, null);
insert into lms_subsections (id, course_id, lesson_id, title, order_index, content, video_embed_html) values ('subsection-keychannels-smm-engagement', 'course-intro-website-creation', 'lesson-key-channels-social', 'Engagement tactics and tools: Hootsuite, Buffer, Sprout Social', 5, '["In this section, we will discuss engagement tactics and the tools used to manage them."]'::jsonb, null);
insert into lms_lessons (id, course_id, module_id, title, order_index) values ('lesson-key-channels-ppc', 'course-intro-website-creation', 'module-introduction-to-digital-marketing', 'Key Channels - PPC', 6);
insert into lms_subsections (id, course_id, lesson_id, title, order_index, content, video_embed_html) values ('subsection-keychannels-ppc-overview', 'course-intro-website-creation', 'lesson-key-channels-ppc', 'Overview of PPC', 1, '["In this section, we will introduce PPC and where it fits in a marketing mix."]'::jsonb, null);
insert into lms_subsections (id, course_id, lesson_id, title, order_index, content, video_embed_html) values ('subsection-keychannels-ppc-how', 'course-intro-website-creation', 'lesson-key-channels-ppc', 'How PPC works', 2, '["In this section, we will explain auctions, targeting, and ad delivery basics."]'::jsonb, null);
insert into lms_subsections (id, course_id, lesson_id, title, order_index, content, video_embed_html) values ('subsection-keychannels-ppc-bidding', 'course-intro-website-creation', 'lesson-key-channels-ppc', 'Bidding strategies and targeting', 3, '["In this section, we will cover common bidding strategies and targeting options."]'::jsonb, null);
insert into lms_subsections (id, course_id, lesson_id, title, order_index, content, video_embed_html) values ('subsection-keychannels-ppc-roi', 'course-intro-website-creation', 'lesson-key-channels-ppc', 'Cost management and ROI measurement', 4, '["In this section, we will discuss how to track spend and measure ROI."]'::jsonb, null);
insert into lms_lessons (id, course_id, module_id, title, order_index) values ('lesson-key-channels-email', 'course-intro-website-creation', 'module-introduction-to-digital-marketing', 'Key Channels - Email Marketing', 7);
insert into lms_subsections (id, course_id, lesson_id, title, order_index, content, video_embed_html) values ('subsection-keychannels-email-effective', 'course-intro-website-creation', 'lesson-key-channels-email', 'Why it is still effective', 1, '["In this section, we will show why email remains a high-ROI channel."]'::jsonb, null);
insert into lms_subsections (id, course_id, lesson_id, title, order_index, content, video_embed_html) values ('subsection-keychannels-email-strategies', 'course-intro-website-creation', 'lesson-key-channels-email', 'Key strategies: segmentation, personalization, automation', 2, '["In this section, we will cover the core tactics that make email perform."]'::jsonb, null);
insert into lms_subsections (id, course_id, lesson_id, title, order_index, content, video_embed_html) values ('subsection-keychannels-email-tools', 'course-intro-website-creation', 'lesson-key-channels-email', 'Tools: Mailchimp, Constant Contact, SendGrid', 3, '["In this section, we will review popular tools used for email marketing."]'::jsonb, null);
insert into lms_lessons (id, course_id, module_id, title, order_index) values ('lesson-traditional-vs-digital-marketing', 'course-intro-website-creation', 'module-introduction-to-digital-marketing', 'Traditional Marketing vs Digital Marketing', 8);
insert into lms_subsections (id, course_id, lesson_id, title, order_index, content, video_embed_html) values ('subsection-traditional-digital-cost', 'course-intro-website-creation', 'lesson-traditional-vs-digital-marketing', 'Difference between traditional and digital marketing cost', 1, '["In this section, we will compare cost structure across traditional and digital campaigns."]'::jsonb, null);
insert into lms_subsections (id, course_id, lesson_id, title, order_index, content, video_embed_html) values ('subsection-traditional-digital-reach', 'course-intro-website-creation', 'lesson-traditional-vs-digital-marketing', 'Reach', 2, '["In this section, we will compare reach and distribution across both approaches."]'::jsonb, null);
insert into lms_subsections (id, course_id, lesson_id, title, order_index, content, video_embed_html) values ('subsection-traditional-digital-tracking', 'course-intro-website-creation', 'lesson-traditional-vs-digital-marketing', 'Tracking and engagement', 3, '["In this section, we will see how tracking differs between offline and online channels."]'::jsonb, null);
insert into lms_subsections (id, course_id, lesson_id, title, order_index, content, video_embed_html) values ('subsection-traditional-digital-methods', 'course-intro-website-creation', 'lesson-traditional-vs-digital-marketing', 'Traditional marketing methods', 4, '["In this section, we will review common traditional methods like print, TV, and radio."]'::jsonb, null);
insert into lms_subsections (id, course_id, lesson_id, title, order_index, content, video_embed_html) values ('subsection-traditional-digital-benefits', 'course-intro-website-creation', 'lesson-traditional-vs-digital-marketing', 'Benefits of digital marketing over traditional marketing', 5, '["In this section, we will highlight why digital often outperforms traditional on ROI."]'::jsonb, null);
insert into lms_subsections (id, course_id, lesson_id, title, order_index, content, video_embed_html) values ('subsection-traditional-digital-shift', 'course-intro-website-creation', 'lesson-traditional-vs-digital-marketing', 'Why businesses are shifting towards digital marketing', 6, '["In this section, we will explain why most businesses are going digital-first."]'::jsonb, null);
insert into lms_subsections (id, course_id, lesson_id, title, order_index, content, video_embed_html) values ('subsection-traditional-digital-scalability', 'course-intro-website-creation', 'lesson-traditional-vs-digital-marketing', 'Customer targeting scalability', 7, '["In this section, we will see how digital enables scale without losing targeting."]'::jsonb, null);
insert into lms_lessons (id, course_id, module_id, title, order_index) values ('lesson-latest-trends', 'course-intro-website-creation', 'module-introduction-to-digital-marketing', 'Latest Trends in Digital Marketing', 9);
insert into lms_subsections (id, course_id, lesson_id, title, order_index, content, video_embed_html) values ('subsection-trends-influencer', 'course-intro-website-creation', 'lesson-latest-trends', 'Influencer marketing', 1, '["In this section, we will look at how influencer partnerships drive demand."]'::jsonb, null);
insert into lms_subsections (id, course_id, lesson_id, title, order_index, content, video_embed_html) values ('subsection-trends-video', 'course-intro-website-creation', 'lesson-latest-trends', 'Video marketing', 2, '["In this section, we will discuss why video is dominating content formats."]'::jsonb, null);
insert into lms_subsections (id, course_id, lesson_id, title, order_index, content, video_embed_html) values ('subsection-trends-voice', 'course-intro-website-creation', 'lesson-latest-trends', 'Voice search optimization', 3, '["In this section, we will cover how voice search changes keyword strategy."]'::jsonb, null);
insert into lms_subsections (id, course_id, lesson_id, title, order_index, content, video_embed_html) values ('subsection-trends-ai', 'course-intro-website-creation', 'lesson-latest-trends', 'AI and automation', 4, '["In this section, we will explain how AI helps automate and personalize campaigns."]'::jsonb, null);
insert into lms_subsections (id, course_id, lesson_id, title, order_index, content, video_embed_html) values ('subsection-trends-ar-vr', 'course-intro-website-creation', 'lesson-latest-trends', 'Augmented Reality and Virtual Reality', 5, '["In this section, we will explore how AR and VR are reshaping experiences."]'::jsonb, null);
insert into lms_lessons (id, course_id, module_id, title, order_index) values ('lesson-digital-marketing-tools', 'course-intro-website-creation', 'module-introduction-to-digital-marketing', 'Digital Marketing Tools', 10);
insert into lms_subsections (id, course_id, lesson_id, title, order_index, content, video_embed_html) values ('subsection-tools-seo', 'course-intro-website-creation', 'lesson-digital-marketing-tools', 'SEO tools: Google Analytics, Moz, Ahrefs, SEMrush', 1, '["In this section, we will review popular SEO and analytics tools."]'::jsonb, null);
insert into lms_subsections (id, course_id, lesson_id, title, order_index, content, video_embed_html) values ('subsection-tools-social', 'course-intro-website-creation', 'lesson-digital-marketing-tools', 'Social media tools: Buffer, Hootsuite, Canva', 2, '["In this section, we will look at tools that help plan and publish social content."]'::jsonb, null);
insert into lms_subsections (id, course_id, lesson_id, title, order_index, content, video_embed_html) values ('subsection-tools-ppc', 'course-intro-website-creation', 'lesson-digital-marketing-tools', 'PPC tools: Google Ads, Bing Ads, Facebook Ads', 3, '["In this section, we will cover the platforms used to run paid campaigns."]'::jsonb, null);
insert into lms_subsections (id, course_id, lesson_id, title, order_index, content, video_embed_html) values ('subsection-tools-email', 'course-intro-website-creation', 'lesson-digital-marketing-tools', 'Email marketing tools', 4, '["In this section, we will compare popular email platforms and use cases."]'::jsonb, null);
insert into lms_subsections (id, course_id, lesson_id, title, order_index, content, video_embed_html) values ('subsection-tools-analytics', 'course-intro-website-creation', 'lesson-digital-marketing-tools', 'Analytics and reporting tools: Google Data Studio, HubSpot, Power BI', 5, '["In this section, we will explore reporting tools that support performance tracking."]'::jsonb, null);
insert into lms_subsections (id, course_id, lesson_id, title, order_index, content, video_embed_html) values ('subsection-tools-automation', 'course-intro-website-creation', 'lesson-digital-marketing-tools', 'Marketing automation: HubSpot, Marketo, ActiveCampaign', 6, '["In this section, we will cover automation tools that scale marketing workflows."]'::jsonb, null);
insert into lms_subsections (id, course_id, lesson_id, title, order_index, content, video_embed_html) values ('subsection-tools-project-management', 'course-intro-website-creation', 'lesson-digital-marketing-tools', 'Project management tools', 7, '["In this section, we will discuss how teams organize and ship marketing work."]'::jsonb, null);
insert into lms_lessons (id, course_id, module_id, title, order_index) values ('lesson-conclusion-recap', 'course-intro-website-creation', 'module-introduction-to-digital-marketing', 'Conclusion', 11);
insert into lms_subsections (id, course_id, lesson_id, title, order_index, content, video_embed_html) values ('subsection-conclusion-recap', 'course-intro-website-creation', 'lesson-conclusion-recap', 'Recap of key points', 1, '["In this section, we will recap the key points from the module."]'::jsonb, null);
insert into lms_subsections (id, course_id, lesson_id, title, order_index, content, video_embed_html) values ('subsection-conclusion-review-importance', 'course-intro-website-creation', 'lesson-conclusion-recap', 'Review the importance, channels, and career scope', 2, '["In this section, we will review why these foundations matter for your career."]'::jsonb, null);
insert into lms_subsections (id, course_id, lesson_id, title, order_index, content, video_embed_html) values ('subsection-conclusion-next-steps', 'course-intro-website-creation', 'lesson-conclusion-recap', 'Encourage further learning and hands-on practice', 3, '["In this section, we will map next steps for practice, certifications, and resources."]'::jsonb, null);
insert into lms_modules (id, course_id, title, duration_label, order_index) values ('module-website-design-optimization', 'course-intro-website-creation', 'Website Design and Optimization', '6 Hours', 2);
insert into lms_lessons (id, course_id, module_id, title, order_index) values ('lesson-website-creation-intro', 'course-intro-website-creation', 'module-website-design-optimization', 'Introduction to Website Creation', 1);
insert into lms_subsections (id, course_id, lesson_id, title, order_index, content, video_embed_html) values ('subsection-website-tools-overview', 'course-intro-website-creation', 'lesson-website-creation-intro', 'Overview of website creation tools', 1, '["In this section, we will review the most common tools used to build websites today."]'::jsonb, null);
insert into lms_subsections (id, course_id, lesson_id, title, order_index, content, video_embed_html) values ('subsection-website-tools-benefits', 'course-intro-website-creation', 'lesson-website-creation-intro', 'Benefits of using WordPress, Wix, Squarespace, and Webflow', 2, '["In this section, we will compare the strengths of popular platforms."]'::jsonb, null);
insert into lms_subsections (id, course_id, lesson_id, title, order_index, content, video_embed_html) values ('subsection-website-tools-flexibility', 'course-intro-website-creation', 'lesson-website-creation-intro', 'Difference between WordPress and no-code tools for design flexibility', 3, '["In this section, we will compare flexibility, control, and ease of use."]'::jsonb, null);
insert into lms_subsections (id, course_id, lesson_id, title, order_index, content, video_embed_html) values ('subsection-website-tools-platform-choice', 'course-intro-website-creation', 'lesson-website-creation-intro', 'Choosing the right platform based on business needs and goals', 4, '["In this section, we will show how to pick the right platform for your business."]'::jsonb, null);
insert into lms_lessons (id, course_id, module_id, title, order_index) values ('lesson-wordpress-build', 'course-intro-website-creation', 'module-website-design-optimization', 'Building a Website with WordPress', 2);
insert into lms_subsections (id, course_id, lesson_id, title, order_index, content, video_embed_html) values ('subsection-wordpress-domain-hosting', 'course-intro-website-creation', 'lesson-wordpress-build', 'Choosing a domain and hosting', 1, '["In this section, we will choose a domain and hosting plan that fits your goals."]'::jsonb, null);
insert into lms_subsections (id, course_id, lesson_id, title, order_index, content, video_embed_html) values ('subsection-wordpress-domain-setup', 'course-intro-website-creation', 'lesson-wordpress-build', 'Registering a domain and selecting a hosting provider (Bluehost, SiteGround)', 2, '["In this section, we will cover domain registration and reliable hosting options."]'::jsonb, null);
insert into lms_subsections (id, course_id, lesson_id, title, order_index, content, video_embed_html) values ('subsection-wordpress-install', 'course-intro-website-creation', 'lesson-wordpress-build', 'Installing WordPress and setting up a basic site structure', 3, '["In this section, we will install WordPress and create the initial structure."]'::jsonb, null);
insert into lms_subsections (id, course_id, lesson_id, title, order_index, content, video_embed_html) values ('subsection-wordpress-themes', 'course-intro-website-creation', 'lesson-wordpress-build', 'Choosing and customizing themes (Elementor, Divi)', 4, '["In this section, we will pick a theme and customize the look and feel."]'::jsonb, null);
insert into lms_subsections (id, course_id, lesson_id, title, order_index, content, video_embed_html) values ('subsection-wordpress-plugins', 'course-intro-website-creation', 'lesson-wordpress-build', 'Key plugins for SEO, performance, and security (Yoast, WP Rocket)', 5, '["In this section, we will install essential plugins to optimize and secure your site."]'::jsonb, null);
insert into lms_lessons (id, course_id, module_id, title, order_index) values ('lesson-no-code-build', 'course-intro-website-creation', 'module-website-design-optimization', 'Building a Website Using No-Code Tools', 3);
insert into lms_subsections (id, course_id, lesson_id, title, order_index, content, video_embed_html) values ('subsection-nocode-webflow-wix', 'course-intro-website-creation', 'lesson-no-code-build', 'Using Webflow or Wix to design a site (hands-on)', 1, '["In this section, we will walk through a hands-on no-code build."]'::jsonb, null);
insert into lms_subsections (id, course_id, lesson_id, title, order_index, content, video_embed_html) values ('subsection-nocode-drag-drop', 'course-intro-website-creation', 'lesson-no-code-build', 'Drag and drop principles', 2, '["In this section, we will cover drag-and-drop design basics."]'::jsonb, null);
insert into lms_subsections (id, course_id, lesson_id, title, order_index, content, video_embed_html) values ('subsection-nocode-templates', 'course-intro-website-creation', 'lesson-no-code-build', 'Customizing templates and integrating third-party elements', 3, '["In this section, we will customize templates and add forms or galleries."]'::jsonb, null);
insert into lms_subsections (id, course_id, lesson_id, title, order_index, content, video_embed_html) values ('subsection-nocode-advantages', 'course-intro-website-creation', 'lesson-no-code-build', 'Advantages of no-code tools for fast prototyping and deployment', 4, '["In this section, we will see why no-code is great for speed and iteration."]'::jsonb, null);
insert into lms_lessons (id, course_id, module_id, title, order_index) values ('lesson-ux-ui-importance', 'course-intro-website-creation', 'module-website-design-optimization', 'The Importance of UX/UI Design', 4);
insert into lms_subsections (id, course_id, lesson_id, title, order_index, content, video_embed_html) values ('subsection-uxui-what', 'course-intro-website-creation', 'lesson-ux-ui-importance', 'What is UX/UI?', 1, '["In this section, we will define UX and UI and show how they work together."]'::jsonb, null);
insert into lms_subsections (id, course_id, lesson_id, title, order_index, content, video_embed_html) values ('subsection-uxui-role', 'course-intro-website-creation', 'lesson-ux-ui-importance', 'Role of UX and UI in website design', 2, '["In this section, we will connect UX/UI decisions to user satisfaction."]'::jsonb, null);
insert into lms_subsections (id, course_id, lesson_id, title, order_index, content, video_embed_html) values ('subsection-uxui-conversion', 'course-intro-website-creation', 'lesson-ux-ui-importance', 'How good UX/UI increases retention and conversion rates', 3, '["In this section, we will link design quality to business outcomes."]'::jsonb, null);
insert into lms_subsections (id, course_id, lesson_id, title, order_index, content, video_embed_html) values ('subsection-uxui-psychology', 'course-intro-website-creation', 'lesson-ux-ui-importance', 'Psychology behind design choices (colors, typography, layout)', 4, '["In this section, we will explore the psychology behind common design decisions."]'::jsonb, null);
insert into lms_lessons (id, course_id, module_id, title, order_index) values ('lesson-ux-ui-best-practices', 'course-intro-website-creation', 'module-website-design-optimization', 'UX/UI Best Practices for Conversion Optimization', 5);
insert into lms_subsections (id, course_id, lesson_id, title, order_index, content, video_embed_html) values ('subsection-uxui-action-design', 'course-intro-website-creation', 'lesson-ux-ui-best-practices', 'Designing for action: conversion-oriented design elements', 1, '["In this section, we will focus on design elements that drive action."]'::jsonb, null);
insert into lms_subsections (id, course_id, lesson_id, title, order_index, content, video_embed_html) values ('subsection-uxui-cta-buttons', 'course-intro-website-creation', 'lesson-ux-ui-best-practices', 'Effective call-to-action buttons (placement, color, text)', 2, '["In this section, we will refine CTAs for clarity and clicks."]'::jsonb, null);
insert into lms_subsections (id, course_id, lesson_id, title, order_index, content, video_embed_html) values ('subsection-uxui-trust', 'course-intro-website-creation', 'lesson-ux-ui-best-practices', 'Building trust: security badges, testimonials, reviews, social proof', 3, '["In this section, we will show how trust elements reduce friction."]'::jsonb, null);
insert into lms_subsections (id, course_id, lesson_id, title, order_index, content, video_embed_html) values ('subsection-uxui-navigation', 'course-intro-website-creation', 'lesson-ux-ui-best-practices', 'Creating intuitive navigation and easy-to-follow user flows', 4, '["In this section, we will map simple flows that reduce confusion."]'::jsonb, null);
insert into lms_lessons (id, course_id, module_id, title, order_index) values ('lesson-ux-ui-testing', 'course-intro-website-creation', 'module-website-design-optimization', 'A/B Testing and Heatmaps', 6);
insert into lms_subsections (id, course_id, lesson_id, title, order_index, content, video_embed_html) values ('subsection-uxui-ab-testing', 'course-intro-website-creation', 'lesson-ux-ui-testing', 'Using A/B testing to refine UI elements', 1, '["In this section, we will run tests on CTAs, layouts, and key elements."]'::jsonb, null);
insert into lms_subsections (id, course_id, lesson_id, title, order_index, content, video_embed_html) values ('subsection-uxui-heatmaps', 'course-intro-website-creation', 'lesson-ux-ui-testing', 'Tools like Hotjar and Crazy Egg for heatmaps and session recordings', 2, '["In this section, we will use heatmap tools to learn user behavior."]'::jsonb, null);
insert into lms_lessons (id, course_id, module_id, title, order_index) values ('lesson-mobile-first-ux', 'course-intro-website-creation', 'module-website-design-optimization', 'Mobile-First UX/UI Design', 7);
insert into lms_subsections (id, course_id, lesson_id, title, order_index, content, video_embed_html) values ('subsection-mobile-first-principles', 'course-intro-website-creation', 'lesson-mobile-first-ux', 'Mobile-first design principles', 1, '["In this section, we will design from mobile up, not desktop down."]'::jsonb, null);
insert into lms_subsections (id, course_id, lesson_id, title, order_index, content, video_embed_html) values ('subsection-mobile-responsive-basics', 'course-intro-website-creation', 'lesson-mobile-first-ux', 'Responsive design basics', 2, '["In this section, we will apply responsive patterns that adapt smoothly."]'::jsonb, null);
insert into lms_subsections (id, course_id, lesson_id, title, order_index, content, video_embed_html) values ('subsection-mobile-thumb', 'course-intro-website-creation', 'lesson-mobile-first-ux', 'Designing for thumb-friendly navigation and readability', 3, '["In this section, we will make layouts easy to use on small screens."]'::jsonb, null);
insert into lms_subsections (id, course_id, lesson_id, title, order_index, content, video_embed_html) values ('subsection-mobile-cta', 'course-intro-website-creation', 'lesson-mobile-first-ux', 'Best practices for mobile CTAs and form optimization', 4, '["In this section, we will optimize mobile CTAs and forms for conversions."]'::jsonb, null);
insert into lms_lessons (id, course_id, module_id, title, order_index) values ('lesson-mobile-responsiveness', 'course-intro-website-creation', 'module-website-design-optimization', 'Mobile Responsiveness: Ensuring a Seamless Experience', 8);
insert into lms_subsections (id, course_id, lesson_id, title, order_index, content, video_embed_html) values ('subsection-mobile-what', 'course-intro-website-creation', 'lesson-mobile-responsiveness', 'What is mobile responsiveness and why it matters', 1, '["In this section, we will explain why responsive design is non-negotiable."]'::jsonb, null);
insert into lms_subsections (id, course_id, lesson_id, title, order_index, content, video_embed_html) values ('subsection-mobile-indexing', 'course-intro-website-creation', 'lesson-mobile-responsiveness', 'Mobile-first indexing and Google preference', 2, '["In this section, we will cover how Google evaluates mobile experiences."]'::jsonb, null);
insert into lms_subsections (id, course_id, lesson_id, title, order_index, content, video_embed_html) values ('subsection-mobile-grids', 'course-intro-website-creation', 'lesson-mobile-responsiveness', 'Flexible grids, media queries, and breakpoints', 3, '["In this section, we will build layouts that adapt to all screens."]'::jsonb, null);
insert into lms_subsections (id, course_id, lesson_id, title, order_index, content, video_embed_html) values ('subsection-mobile-testing-tools', 'course-intro-website-creation', 'lesson-mobile-responsiveness', 'Tools for testing mobile responsiveness', 4, '["In this section, we will use Google Mobile-Friendly Test and BrowserStack."]'::jsonb, null);
insert into lms_subsections (id, course_id, lesson_id, title, order_index, content, video_embed_html) values ('subsection-mobile-performance', 'course-intro-website-creation', 'lesson-mobile-responsiveness', 'Techniques for fast mobile loading', 5, '["In this section, we will optimize for mobile speed with compression and lazy loading."]'::jsonb, null);
insert into lms_subsections (id, course_id, lesson_id, title, order_index, content, video_embed_html) values ('subsection-mobile-touch', 'course-intro-website-creation', 'lesson-mobile-responsiveness', 'Handling mobile-specific touch events and gestures', 6, '["In this section, we will design for touch-friendly components like sliders."]'::jsonb, null);
insert into lms_lessons (id, course_id, module_id, title, order_index) values ('lesson-speed-optimization', 'course-intro-website-creation', 'module-website-design-optimization', 'Website Speed Optimization', 9);
insert into lms_subsections (id, course_id, lesson_id, title, order_index, content, video_embed_html) values ('subsection-speed-importance', 'course-intro-website-creation', 'lesson-speed-optimization', 'The importance of speed', 1, '["In this section, we will connect speed to SEO, UX, and conversion rates."]'::jsonb, null);
insert into lms_subsections (id, course_id, lesson_id, title, order_index, content, video_embed_html) values ('subsection-speed-impact', 'course-intro-website-creation', 'lesson-speed-optimization', 'How page speed affects user experience, bounce rates, and SEO', 2, '["In this section, we will discuss how slow sites lose users and rankings."]'::jsonb, null);
insert into lms_subsections (id, course_id, lesson_id, title, order_index, content, video_embed_html) values ('subsection-speed-kpis', 'course-intro-website-creation', 'lesson-speed-optimization', 'Key performance indicators: load time, TTFB, and Core Web Vitals', 3, '["In this section, we will understand the KPIs that matter most."]'::jsonb, null);
insert into lms_subsections (id, course_id, lesson_id, title, order_index, content, video_embed_html) values ('subsection-speed-caching', 'course-intro-website-creation', 'lesson-speed-optimization', 'Caching strategies: browser and server-side caching', 4, '["In this section, we will implement caching to speed up repeat visits."]'::jsonb, null);
insert into lms_subsections (id, course_id, lesson_id, title, order_index, content, video_embed_html) values ('subsection-speed-images', 'course-intro-website-creation', 'lesson-speed-optimization', 'Image optimization: WebP, compression, responsive images', 5, '["In this section, we will reduce image weight without losing quality."]'::jsonb, null);
insert into lms_subsections (id, course_id, lesson_id, title, order_index, content, video_embed_html) values ('subsection-speed-minification', 'course-intro-website-creation', 'lesson-speed-optimization', 'Minification of CSS, JavaScript, and HTML', 6, '["In this section, we will minify assets to improve load time."]'::jsonb, null);
insert into lms_subsections (id, course_id, lesson_id, title, order_index, content, video_embed_html) values ('subsection-speed-cdn', 'course-intro-website-creation', 'lesson-speed-optimization', 'CDN for faster global delivery', 7, '["In this section, we will use CDNs to serve content closer to users."]'::jsonb, null);
insert into lms_subsections (id, course_id, lesson_id, title, order_index, content, video_embed_html) values ('subsection-speed-http2', 'course-intro-website-creation', 'lesson-speed-optimization', 'HTTP/2 for faster communication', 8, '["In this section, we will explain how HTTP/2 speeds up requests."]'::jsonb, null);
insert into lms_subsections (id, course_id, lesson_id, title, order_index, content, video_embed_html) values ('subsection-speed-server', 'course-intro-website-creation', 'lesson-speed-optimization', 'Server-side optimization with caching plugins', 9, '["In this section, we will use plugins like WP Rocket or LiteSpeed Cache."]'::jsonb, null);
insert into lms_lessons (id, course_id, module_id, title, order_index) values ('lesson-ga-intro', 'course-intro-website-creation', 'module-website-design-optimization', 'Introduction to Google Analytics', 10);
insert into lms_subsections (id, course_id, lesson_id, title, order_index, content, video_embed_html) values ('subsection-ga-why', 'course-intro-website-creation', 'lesson-ga-intro', 'Why Google Analytics matters', 1, '["In this section, we will see why analytics is essential from day one."]'::jsonb, null);
insert into lms_subsections (id, course_id, lesson_id, title, order_index, content, video_embed_html) values ('subsection-ga-how', 'course-intro-website-creation', 'lesson-ga-intro', 'How GA tracks traffic, engagement, and goals', 2, '["In this section, we will break down how GA collects and reports data."]'::jsonb, null);
insert into lms_subsections (id, course_id, lesson_id, title, order_index, content, video_embed_html) values ('subsection-ga-importance-early', 'course-intro-website-creation', 'lesson-ga-intro', 'Importance of integrating analytics from the start', 3, '["In this section, we will explain why early tracking saves time later."]'::jsonb, null);
insert into lms_lessons (id, course_id, module_id, title, order_index) values ('lesson-ga4-setup', 'course-intro-website-creation', 'module-website-design-optimization', 'Setting Up Google Analytics (GA4)', 11);
insert into lms_subsections (id, course_id, lesson_id, title, order_index, content, video_embed_html) values ('subsection-ga4-account', 'course-intro-website-creation', 'lesson-ga4-setup', 'Creating a Google Analytics account and installing the tracking code', 1, '["In this section, we will set up GA4 and install the tracking code."]'::jsonb, null);
insert into lms_subsections (id, course_id, lesson_id, title, order_index, content, video_embed_html) values ('subsection-ga4-gtm', 'course-intro-website-creation', 'lesson-ga4-setup', 'Using Google Tag Manager for advanced tracking', 2, '["In this section, we will add GTM for flexible event tracking."]'::jsonb, null);
insert into lms_lessons (id, course_id, module_id, title, order_index) values ('lesson-ga-goals-events', 'course-intro-website-creation', 'module-website-design-optimization', 'Tracking Website Goals and Events', 12);
insert into lms_subsections (id, course_id, lesson_id, title, order_index, content, video_embed_html) values ('subsection-goals-define', 'course-intro-website-creation', 'lesson-ga-goals-events', 'Defining and setting up goals', 1, '["In this section, we will define goals like form submissions and clicks."]'::jsonb, null);
insert into lms_subsections (id, course_id, lesson_id, title, order_index, content, video_embed_html) values ('subsection-goals-setup', 'course-intro-website-creation', 'lesson-ga-goals-events', 'Setting up goals (form submission, button clicks, time on page)', 2, '["In this section, we will configure goals in GA4."]'::jsonb, null);
insert into lms_subsections (id, course_id, lesson_id, title, order_index, content, video_embed_html) values ('subsection-goals-ecommerce', 'course-intro-website-creation', 'lesson-ga-goals-events', 'E-commerce tracking: sales, product views, conversion funnels', 3, '["In this section, we will map e-commerce events and funnels."]'::jsonb, null);
insert into lms_subsections (id, course_id, lesson_id, title, order_index, content, video_embed_html) values ('subsection-events-custom', 'course-intro-website-creation', 'lesson-ga-goals-events', 'Tracking custom events (clicks, downloads, video plays)', 4, '["In this section, we will set up custom events for meaningful actions."]'::jsonb, null);
insert into lms_subsections (id, course_id, lesson_id, title, order_index, content, video_embed_html) values ('subsection-events-gtm', 'course-intro-website-creation', 'lesson-ga-goals-events', 'Using Google Tag Manager for dynamic event handling', 5, '["In this section, we will build triggers and tags in GTM."]'::jsonb, null);
insert into lms_lessons (id, course_id, module_id, title, order_index) values ('lesson-ga-optimization', 'course-intro-website-creation', 'module-website-design-optimization', 'Analyzing Data for Optimization', 13);
insert into lms_subsections (id, course_id, lesson_id, title, order_index, content, video_embed_html) values ('subsection-ga-reports', 'course-intro-website-creation', 'lesson-ga-optimization', 'Reading Google Analytics reports', 1, '["In this section, we will read traffic, engagement, and conversion reports."]'::jsonb, null);
insert into lms_subsections (id, course_id, lesson_id, title, order_index, content, video_embed_html) values ('subsection-ga-metrics', 'course-intro-website-creation', 'lesson-ga-optimization', 'Key metrics: traffic sources, bounce rate, session duration, demographics', 2, '["In this section, we will interpret metrics that reveal user intent."]'::jsonb, null);
insert into lms_subsections (id, course_id, lesson_id, title, order_index, content, video_embed_html) values ('subsection-ga-funnel', 'course-intro-website-creation', 'lesson-ga-optimization', 'Understanding the conversion funnel and drop-off points', 3, '["In this section, we will find leaks and prioritize fixes."]'::jsonb, null);
insert into lms_subsections (id, course_id, lesson_id, title, order_index, content, video_embed_html) values ('subsection-ga-dashboards', 'course-intro-website-creation', 'lesson-ga-optimization', 'Creating custom dashboards for actionable insights', 4, '["In this section, we will build dashboards that guide decisions."]'::jsonb, null);
insert into lms_subsections (id, course_id, lesson_id, title, order_index, content, video_embed_html) values ('subsection-ga-decisions', 'course-intro-website-creation', 'lesson-ga-optimization', 'Data-driven decisions to improve UX and performance', 5, '["In this section, we will turn insights into optimizations."]'::jsonb, null);
insert into lms_lessons (id, course_id, module_id, title, order_index) values ('lesson-final-wrap-up', 'course-intro-website-creation', 'module-website-design-optimization', 'Final Q&A and Best Practices Wrap-Up', 14);
insert into lms_subsections (id, course_id, lesson_id, title, order_index, content, video_embed_html) values ('subsection-wrapup-summary', 'course-intro-website-creation', 'lesson-final-wrap-up', 'Summary of topics covered', 1, '["In this section, we will recap website creation, UX/UI, mobile, speed, and analytics."]'::jsonb, null);
insert into lms_subsections (id, course_id, lesson_id, title, order_index, content, video_embed_html) values ('subsection-wrapup-best-practices', 'course-intro-website-creation', 'lesson-final-wrap-up', 'Best practices for a smooth, high-performing user experience', 2, '["In this section, we will list best practices you can apply immediately."]'::jsonb, null);
insert into lms_subsections (id, course_id, lesson_id, title, order_index, content, video_embed_html) values ('subsection-wrapup-qa', 'course-intro-website-creation', 'lesson-final-wrap-up', 'Q&A session', 3, '["In this section, we will address real-world challenges and clear doubts."]'::jsonb, null);
insert into lms_subsections (id, course_id, lesson_id, title, order_index, content, video_embed_html) values ('subsection-wrapup-tools-resources', 'course-intro-website-creation', 'lesson-final-wrap-up', 'Tools and resources', 4, '["In this section, we will share recommended tools for web creation and optimization."]'::jsonb, null);
insert into lms_lessons (id, course_id, module_id, title, order_index) values ('lesson-materials', 'course-intro-website-creation', 'module-website-design-optimization', 'Materials Provided', 15);
insert into lms_subsections (id, course_id, lesson_id, title, order_index, content, video_embed_html) values ('subsection-materials-slide-deck', 'course-intro-website-creation', 'lesson-materials', 'Slide deck with key takeaways and resources', 1, '["In this section, we will explain how to use the provided slide deck."]'::jsonb, null);
insert into lms_subsections (id, course_id, lesson_id, title, order_index, content, video_embed_html) values ('subsection-materials-ux-checklist', 'course-intro-website-creation', 'lesson-materials', 'Checklist for UX/UI best practices', 2, '["In this section, we will use the UX/UI checklist to review your site."]'::jsonb, null);
insert into lms_subsections (id, course_id, lesson_id, title, order_index, content, video_embed_html) values ('subsection-materials-ga-guides', 'course-intro-website-creation', 'lesson-materials', 'Guides for setting up Google Analytics and defining goals', 3, '["In this section, we will walk through the GA setup guides."]'::jsonb, null);
insert into lms_subsections (id, course_id, lesson_id, title, order_index, content, video_embed_html) values ('subsection-materials-plugin-links', 'course-intro-website-creation', 'lesson-materials', 'Links to useful plugins and third-party tools', 4, '["In this section, we will share the tool list for ongoing reference."]'::jsonb, null);
insert into lms_lessons (id, course_id, module_id, title, order_index) values ('lesson-prerequisites', 'course-intro-website-creation', 'module-website-design-optimization', 'Pre-Requisites', 16);
insert into lms_subsections (id, course_id, lesson_id, title, order_index, content, video_embed_html) values ('subsection-prereq-html-css', 'course-intro-website-creation', 'lesson-prerequisites', 'Basic understanding of web design principles (HTML/CSS)', 1, '["In this section, we will align on the basic HTML/CSS knowledge needed."]'::jsonb, null);
insert into lms_courses (id, slug, title, short_description, description, category, level, total_duration_label, completion_type, certificate_enabled, is_sequential, is_published, metadata) values ('course-seo', 'search-engine-optimization', 'Search Engine Optimization (SEO)', 'Learn how to improve rankings, traffic, and visibility with technical and content-led SEO.', 'This course covers the SEO fundamentals needed to rank websites, grow organic traffic, and build long-term visibility.', 'Digital Marketing', 'Beginner', '10 Hours', 'mandatory_subsection_completion', true, false, true, '{"outcomes":["Understand core SEO concepts and terminology.","Learn to optimize on-page and technical SEO basics.","Build a simple SEO roadmap for a website."],"prerequisites":["Basic understanding of how websites work."],"resources":[{"title":"Google Search Central","url":"https://developers.google.com/search/docs"},{"title":"Google Search Console Help","url":"https://support.google.com/webmasters/"},{"title":"Bing Webmaster Guidelines","url":"https://www.bing.com/webmasters/help/webmaster-guidelines-30fba23a"},{"title":"Google PageSpeed Insights","url":"https://pagespeed.web.dev/"}]}'::jsonb);
insert into lms_modules (id, course_id, title, duration_label, order_index) values ('module-seo-core', 'course-seo', 'SEO Foundations and Execution', '10 Hours', 1);
insert into lms_lessons (id, course_id, module_id, title, order_index) values ('lesson-seo-basics', 'course-seo', 'module-seo-core', 'SEO Fundamentals', 1);
insert into lms_subsections (id, course_id, lesson_id, title, order_index, content, video_embed_html) values ('subsection-seo-basics-what', 'course-seo', 'lesson-seo-basics', 'What is SEO and how search engines work', 1, '["In this section, we will understand how search engines crawl, index, and rank pages."]'::jsonb, null);
insert into lms_subsections (id, course_id, lesson_id, title, order_index, content, video_embed_html) values ('subsection-seo-basics-why', 'course-seo', 'lesson-seo-basics', 'Why SEO matters for long-term growth', 2, '["In this section, we will see why SEO compounds over time and lowers acquisition costs."]'::jsonb, null);
insert into lms_subsections (id, course_id, lesson_id, title, order_index, content, video_embed_html) values ('subsection-seo-basics-intent', 'course-seo', 'lesson-seo-basics', 'Search intent and keyword intent types', 3, '["In this section, we will match content to informational, navigational, and transactional intent."]'::jsonb, null);
insert into lms_lessons (id, course_id, module_id, title, order_index) values ('lesson-seo-keyword-research', 'course-seo', 'module-seo-core', 'Keyword Research', 2);
insert into lms_subsections (id, course_id, lesson_id, title, order_index, content, video_embed_html) values ('subsection-seo-keyword-discovery', 'course-seo', 'lesson-seo-keyword-research', 'Finding high-intent keywords', 1, '["In this section, we will discover keywords that align with user needs and business goals."]'::jsonb, null);
insert into lms_subsections (id, course_id, lesson_id, title, order_index, content, video_embed_html) values ('subsection-seo-keyword-mapping', 'course-seo', 'lesson-seo-keyword-research', 'Mapping keywords to pages', 2, '["In this section, we will map primary and secondary keywords to the right pages."]'::jsonb, null);
insert into lms_subsections (id, course_id, lesson_id, title, order_index, content, video_embed_html) values ('subsection-seo-keyword-tools', 'course-seo', 'lesson-seo-keyword-research', 'Keyword research tools and workflow', 3, '["In this section, we will build a repeatable keyword research process."]'::jsonb, null);
insert into lms_lessons (id, course_id, module_id, title, order_index) values ('lesson-seo-on-page', 'course-seo', 'module-seo-core', 'On-Page SEO', 3);
insert into lms_subsections (id, course_id, lesson_id, title, order_index, content, video_embed_html) values ('subsection-seo-onpage-titles', 'course-seo', 'lesson-seo-on-page', 'Titles, meta descriptions, and headings', 1, '["In this section, we will optimize titles and headings for relevance and clicks."]'::jsonb, null);
insert into lms_subsections (id, course_id, lesson_id, title, order_index, content, video_embed_html) values ('subsection-seo-onpage-content', 'course-seo', 'lesson-seo-on-page', 'Content structure and topical coverage', 2, '["In this section, we will build content that satisfies intent and covers key subtopics."]'::jsonb, null);
insert into lms_subsections (id, course_id, lesson_id, title, order_index, content, video_embed_html) values ('subsection-seo-onpage-internal', 'course-seo', 'lesson-seo-on-page', 'Internal linking and site architecture', 3, '["In this section, we will connect pages to strengthen topical authority."]'::jsonb, null);
insert into lms_lessons (id, course_id, module_id, title, order_index) values ('lesson-seo-off-page', 'course-seo', 'module-seo-core', 'Off-Page SEO', 4);
insert into lms_subsections (id, course_id, lesson_id, title, order_index, content, video_embed_html) values ('subsection-seo-offpage-links', 'course-seo', 'lesson-seo-off-page', 'Backlinks and authority signals', 1, '["In this section, we will understand how quality links improve rankings."]'::jsonb, null);
insert into lms_subsections (id, course_id, lesson_id, title, order_index, content, video_embed_html) values ('subsection-seo-offpage-outreach', 'course-seo', 'lesson-seo-off-page', 'Ethical outreach and link building', 2, '["In this section, we will build links through partnerships and useful content."]'::jsonb, null);
insert into lms_subsections (id, course_id, lesson_id, title, order_index, content, video_embed_html) values ('subsection-seo-offpage-brand', 'course-seo', 'lesson-seo-off-page', 'Brand mentions and trust signals', 3, '["In this section, we will use brand visibility to strengthen credibility."]'::jsonb, null);
insert into lms_lessons (id, course_id, module_id, title, order_index) values ('lesson-seo-technical', 'course-seo', 'module-seo-core', 'Technical SEO', 5);
insert into lms_subsections (id, course_id, lesson_id, title, order_index, content, video_embed_html) values ('subsection-seo-technical-crawl', 'course-seo', 'lesson-seo-technical', 'Crawlability and indexation checks', 1, '["In this section, we will ensure search engines can access important pages."]'::jsonb, null);
insert into lms_subsections (id, course_id, lesson_id, title, order_index, content, video_embed_html) values ('subsection-seo-technical-speed', 'course-seo', 'lesson-seo-technical', 'Core Web Vitals and performance', 2, '["In this section, we will improve performance for better SEO and UX."]'::jsonb, null);
insert into lms_subsections (id, course_id, lesson_id, title, order_index, content, video_embed_html) values ('subsection-seo-technical-schema', 'course-seo', 'lesson-seo-technical', 'Structured data and schema basics', 3, '["In this section, we will add schema to enhance search results."]'::jsonb, null);
insert into lms_lessons (id, course_id, module_id, title, order_index) values ('lesson-seo-content-eat', 'course-seo', 'module-seo-core', 'Content and E-E-A-T', 6);
insert into lms_subsections (id, course_id, lesson_id, title, order_index, content, video_embed_html) values ('subsection-seo-eat-quality', 'course-seo', 'lesson-seo-content-eat', 'Content quality and depth', 1, '["In this section, we will build content that earns trust and engagement."]'::jsonb, null);
insert into lms_subsections (id, course_id, lesson_id, title, order_index, content, video_embed_html) values ('subsection-seo-eat-credibility', 'course-seo', 'lesson-seo-content-eat', 'Experience, expertise, and credibility signals', 2, '["In this section, we will apply E-E-A-T principles to content and authorship."]'::jsonb, null);
insert into lms_lessons (id, course_id, module_id, title, order_index) values ('lesson-seo-local', 'course-seo', 'module-seo-core', 'Local SEO Basics', 7);
insert into lms_subsections (id, course_id, lesson_id, title, order_index, content, video_embed_html) values ('subsection-seo-local-gmb', 'course-seo', 'lesson-seo-local', 'Google Business Profile setup', 1, '["In this section, we will optimize Google Business Profiles for local visibility."]'::jsonb, null);
insert into lms_subsections (id, course_id, lesson_id, title, order_index, content, video_embed_html) values ('subsection-seo-local-citations', 'course-seo', 'lesson-seo-local', 'Local citations and reviews', 2, '["In this section, we will build local trust through citations and reviews."]'::jsonb, null);
insert into lms_lessons (id, course_id, module_id, title, order_index) values ('lesson-seo-reporting', 'course-seo', 'module-seo-core', 'SEO Reporting and Optimization', 8);
insert into lms_subsections (id, course_id, lesson_id, title, order_index, content, video_embed_html) values ('subsection-seo-reporting-tools', 'course-seo', 'lesson-seo-reporting', 'Using Search Console and analytics', 1, '["In this section, we will track rankings, impressions, and clicks."]'::jsonb, null);
insert into lms_subsections (id, course_id, lesson_id, title, order_index, content, video_embed_html) values ('subsection-seo-reporting-iteration', 'course-seo', 'lesson-seo-reporting', 'Iterating based on SEO insights', 2, '["In this section, we will prioritize fixes and content updates that move rankings."]'::jsonb, null);
insert into lms_courses (id, slug, title, short_description, description, category, level, total_duration_label, completion_type, certificate_enabled, is_sequential, is_published, metadata) values ('course-smm', 'social-media-marketing', 'Social Media Marketing (SMM)', 'Set up social profiles, create content, run ads, and analyze engagement across platforms.', 'This course teaches you how to build, grow, and measure social media performance using organic and paid strategies.', 'Digital Marketing', 'Beginner', '10 Hours', 'mandatory_subsection_completion', true, false, true, '{"outcomes":["Optimize social profiles for discovery and trust.","Plan content formats that match platform behavior.","Run and measure paid campaigns with clear objectives."],"prerequisites":["Active social media accounts or willingness to create them."],"resources":[{"title":"Meta Business Help Center","url":"https://www.facebook.com/business/help"},{"title":"Instagram for Business","url":"https://business.instagram.com/"},{"title":"LinkedIn Marketing Solutions","url":"https://business.linkedin.com/marketing-solutions"},{"title":"TikTok for Business","url":"https://www.tiktok.com/business/en"}]}'::jsonb);
insert into lms_modules (id, course_id, title, duration_label, order_index) values ('module-smm-core', 'course-smm', 'Social Media Marketing Core', '10 Hours', 1);
insert into lms_lessons (id, course_id, module_id, title, order_index) values ('lesson-smm-profiles', 'course-smm', 'module-smm-core', 'Setting Up and Optimizing Social Profiles', 1);
insert into lms_subsections (id, course_id, lesson_id, title, order_index, content, video_embed_html) values ('subsection-smm-profiles-facebook', 'course-smm', 'lesson-smm-profiles', 'Facebook', 1, '["In this section, we will optimize Facebook profiles and pages for credibility."]'::jsonb, null);
insert into lms_subsections (id, course_id, lesson_id, title, order_index, content, video_embed_html) values ('subsection-smm-profiles-instagram', 'course-smm', 'lesson-smm-profiles', 'Instagram', 2, '["In this section, we will set up Instagram profiles for reach and engagement."]'::jsonb, null);
insert into lms_subsections (id, course_id, lesson_id, title, order_index, content, video_embed_html) values ('subsection-smm-profiles-linkedin', 'course-smm', 'lesson-smm-profiles', 'LinkedIn', 3, '["In this section, we will optimize LinkedIn company pages and creators."]'::jsonb, null);
insert into lms_lessons (id, course_id, module_id, title, order_index) values ('lesson-smm-content', 'course-smm', 'module-smm-core', 'Creating Engaging Content', 2);
insert into lms_subsections (id, course_id, lesson_id, title, order_index, content, video_embed_html) values ('subsection-smm-content-text', 'course-smm', 'lesson-smm-content', 'Text', 1, '["In this section, we will craft text posts that prompt engagement."]'::jsonb, null);
insert into lms_subsections (id, course_id, lesson_id, title, order_index, content, video_embed_html) values ('subsection-smm-content-images', 'course-smm', 'lesson-smm-content', 'Images', 2, '["In this section, we will design visuals that stop the scroll."]'::jsonb, null);
insert into lms_subsections (id, course_id, lesson_id, title, order_index, content, video_embed_html) values ('subsection-smm-content-videos', 'course-smm', 'lesson-smm-content', 'Videos', 3, '["In this section, we will plan short-form videos for reach and retention."]'::jsonb, null);
insert into lms_lessons (id, course_id, module_id, title, order_index) values ('lesson-smm-ads', 'course-smm', 'module-smm-core', 'Running Paid Ad Campaigns', 3);
insert into lms_subsections (id, course_id, lesson_id, title, order_index, content, video_embed_html) values ('subsection-smm-ads-platforms', 'course-smm', 'lesson-smm-ads', 'Running paid campaigns on social platforms', 1, '["In this section, we will launch campaigns aligned to clear objectives."]'::jsonb, null);
insert into lms_lessons (id, course_id, module_id, title, order_index) values ('lesson-smm-influencer', 'course-smm', 'module-smm-core', 'Influencer Marketing and Trends', 4);
insert into lms_subsections (id, course_id, lesson_id, title, order_index, content, video_embed_html) values ('subsection-smm-influencer', 'course-smm', 'lesson-smm-influencer', 'Influencer marketing and social media trends', 1, '["In this section, we will plan influencer collaborations and trend responses."]'::jsonb, null);
insert into lms_lessons (id, course_id, module_id, title, order_index) values ('lesson-smm-analytics', 'course-smm', 'module-smm-core', 'Analytics and Engagement Metrics', 5);
insert into lms_subsections (id, course_id, lesson_id, title, order_index, content, video_embed_html) values ('subsection-smm-analytics', 'course-smm', 'lesson-smm-analytics', 'Insights and engagement metrics', 1, '["In this section, we will measure reach, engagement, and conversion signals."]'::jsonb, null);
insert into lms_courses (id, slug, title, short_description, description, category, level, total_duration_label, completion_type, certificate_enabled, is_sequential, is_published, metadata) values ('course-content-marketing', 'content-marketing', 'Content Marketing', 'Build a content strategy, produce blogs and video, and measure content performance.', 'This course helps you build a content engine that attracts, educates, and converts the right audience.', 'Digital Marketing', 'Beginner', '6 Hours', 'mandatory_subsection_completion', true, false, true, '{"outcomes":["Create a content strategy aligned to business goals.","Publish optimized blogs and video content.","Distribute content and measure results."],"prerequisites":["Comfort with writing and basic research."],"resources":[{"title":"Google Search Central","url":"https://developers.google.com/search/docs"},{"title":"YouTube Creator Academy","url":"https://creatoracademy.youtube.com/"},{"title":"HubSpot Content Marketing","url":"https://academy.hubspot.com/courses/content-marketing"}]}'::jsonb);
insert into lms_modules (id, course_id, title, duration_label, order_index) values ('module-content-core', 'course-content-marketing', 'Content Marketing Core', '6 Hours', 1);
insert into lms_lessons (id, course_id, module_id, title, order_index) values ('lesson-content-strategy', 'course-content-marketing', 'module-content-core', 'Creating a Content Marketing Strategy', 1);
insert into lms_subsections (id, course_id, lesson_id, title, order_index, content, video_embed_html) values ('subsection-content-strategy', 'course-content-marketing', 'lesson-content-strategy', 'Strategy and positioning', 1, '["In this section, we will build a content strategy linked to business goals."]'::jsonb, null);
insert into lms_lessons (id, course_id, module_id, title, order_index) values ('lesson-content-blogging', 'course-content-marketing', 'module-content-core', 'Blogging: Research, Writing, and Optimization', 2);
insert into lms_subsections (id, course_id, lesson_id, title, order_index, content, video_embed_html) values ('subsection-content-blogging', 'course-content-marketing', 'lesson-content-blogging', 'Research, writing, and optimization', 1, '["In this section, we will research topics and publish SEO-ready blogs."]'::jsonb, null);
insert into lms_lessons (id, course_id, module_id, title, order_index) values ('lesson-content-video', 'course-content-marketing', 'module-content-core', 'Video Marketing Basics (YouTube and Reels)', 3);
insert into lms_subsections (id, course_id, lesson_id, title, order_index, content, video_embed_html) values ('subsection-content-video', 'course-content-marketing', 'lesson-content-video', 'Video marketing basics', 1, '["In this section, we will plan and create videos for YouTube and short-form platforms."]'::jsonb, null);
insert into lms_lessons (id, course_id, module_id, title, order_index) values ('lesson-content-distribution', 'course-content-marketing', 'module-content-core', 'Content Distribution Channels', 4);
insert into lms_subsections (id, course_id, lesson_id, title, order_index, content, video_embed_html) values ('subsection-content-distribution', 'course-content-marketing', 'lesson-content-distribution', 'Distribution strategy', 1, '["In this section, we will distribute content across search, social, and email."]'::jsonb, null);
insert into lms_lessons (id, course_id, module_id, title, order_index) values ('lesson-content-measure', 'course-content-marketing', 'module-content-core', 'Measuring Content Success', 5);
insert into lms_subsections (id, course_id, lesson_id, title, order_index, content, video_embed_html) values ('subsection-content-measure', 'course-content-marketing', 'lesson-content-measure', 'Performance measurement', 1, '["In this section, we will track reach, engagement, and conversion impact."]'::jsonb, null);
insert into lms_courses (id, slug, title, short_description, description, category, level, total_duration_label, completion_type, certificate_enabled, is_sequential, is_published, metadata) values ('course-ppc', 'pay-per-click-advertising', 'Pay-Per-Click Advertising (PPC)', 'Run search and display campaigns, write ads, manage budgets, and optimize ROI.', 'This course covers paid advertising fundamentals with a focus on Google Ads and performance tracking.', 'Digital Marketing', 'Beginner', '8 Hours', 'mandatory_subsection_completion', true, false, true, '{"outcomes":["Structure Google Ads campaigns for different objectives.","Write high-performing ad copy.","Manage bids and budgets with ROI in mind."],"prerequisites":["A basic understanding of search engines."],"resources":[{"title":"Google Ads Help","url":"https://support.google.com/google-ads/"},{"title":"Google Skillshop","url":"https://skillshop.exceedlms.com/"},{"title":"Microsoft Advertising Help","url":"https://help.ads.microsoft.com/"}]}'::jsonb);
insert into lms_modules (id, course_id, title, duration_label, order_index) values ('module-ppc-core', 'course-ppc', 'PPC Core', '8 Hours', 1);
insert into lms_lessons (id, course_id, module_id, title, order_index) values ('lesson-ppc-google-ads', 'course-ppc', 'module-ppc-core', 'Understanding Google Ads: Search, Display, Shopping', 1);
insert into lms_subsections (id, course_id, lesson_id, title, order_index, content, video_embed_html) values ('subsection-ppc-google-ads', 'course-ppc', 'lesson-ppc-google-ads', 'Search, display, and shopping campaigns', 1, '["In this section, we will set up the main Google Ads campaign types."]'::jsonb, null);
insert into lms_lessons (id, course_id, module_id, title, order_index) values ('lesson-ppc-keyword-research', 'course-ppc', 'module-ppc-core', 'Keyword Research for Paid Campaigns', 2);
insert into lms_subsections (id, course_id, lesson_id, title, order_index, content, video_embed_html) values ('subsection-ppc-keyword-research', 'course-ppc', 'lesson-ppc-keyword-research', 'Keyword research', 1, '["In this section, we will build keyword lists and match types."]'::jsonb, null);
insert into lms_lessons (id, course_id, module_id, title, order_index) values ('lesson-ppc-ad-copy', 'course-ppc', 'module-ppc-core', 'Ad Copywriting: Crafting High-Converting Ads', 3);
insert into lms_subsections (id, course_id, lesson_id, title, order_index, content, video_embed_html) values ('subsection-ppc-ad-copy', 'course-ppc', 'lesson-ppc-ad-copy', 'Ad copywriting', 1, '["In this section, we will write ads that align with intent and offers."]'::jsonb, null);
insert into lms_lessons (id, course_id, module_id, title, order_index) values ('lesson-ppc-bidding', 'course-ppc', 'module-ppc-core', 'Bidding Strategies and Budget Management', 4);
insert into lms_subsections (id, course_id, lesson_id, title, order_index, content, video_embed_html) values ('subsection-ppc-bidding', 'course-ppc', 'lesson-ppc-bidding', 'Bidding and budgeting', 1, '["In this section, we will manage spend and bidding strategies."]'::jsonb, null);
insert into lms_lessons (id, course_id, module_id, title, order_index) values ('lesson-ppc-optimization', 'course-ppc', 'module-ppc-core', 'Measuring ROI and Campaign Optimization', 5);
insert into lms_subsections (id, course_id, lesson_id, title, order_index, content, video_embed_html) values ('subsection-ppc-optimization', 'course-ppc', 'lesson-ppc-optimization', 'ROI measurement and optimization', 1, '["In this section, we will track ROI and optimize for better results."]'::jsonb, null);
insert into lms_courses (id, slug, title, short_description, description, category, level, total_duration_label, completion_type, certificate_enabled, is_sequential, is_published, metadata) values ('course-email-marketing', 'email-marketing', 'Email Marketing', 'Set up campaigns, write email copy, segment audiences, and automate sequences.', 'This course teaches email marketing fundamentals, from list building to automation and performance tracking.', 'Digital Marketing', 'Beginner', '4 Hours', 'mandatory_subsection_completion', true, false, true, '{"outcomes":["Launch email campaigns using standard tools.","Segment audiences for better engagement.","Measure email performance and improve outcomes."],"prerequisites":["Basic understanding of customer journeys."],"resources":[{"title":"Mailchimp Guides","url":"https://mailchimp.com/resources/"},{"title":"SendGrid Documentation","url":"https://docs.sendgrid.com/"},{"title":"HubSpot Email Marketing","url":"https://academy.hubspot.com/courses/email-marketing"}]}'::jsonb);
insert into lms_modules (id, course_id, title, duration_label, order_index) values ('module-email-core', 'course-email-marketing', 'Email Marketing Core', '4 Hours', 1);
insert into lms_lessons (id, course_id, module_id, title, order_index) values ('lesson-email-setup', 'course-email-marketing', 'module-email-core', 'Setting Up Email Marketing Campaigns', 1);
insert into lms_subsections (id, course_id, lesson_id, title, order_index, content, video_embed_html) values ('subsection-email-setup', 'course-email-marketing', 'lesson-email-setup', 'Using tools like Mailchimp', 1, '["In this section, we will set up a basic email campaign flow."]'::jsonb, null);
insert into lms_lessons (id, course_id, module_id, title, order_index) values ('lesson-email-templates', 'course-email-marketing', 'module-email-core', 'Creating Email Templates and Copy', 2);
insert into lms_subsections (id, course_id, lesson_id, title, order_index, content, video_embed_html) values ('subsection-email-templates', 'course-email-marketing', 'lesson-email-templates', 'Templates and copywriting', 1, '["In this section, we will write email copy that drives opens and clicks."]'::jsonb, null);
insert into lms_lessons (id, course_id, module_id, title, order_index) values ('lesson-email-segmentation', 'course-email-marketing', 'module-email-core', 'Understanding Audience Segmentation', 3);
insert into lms_subsections (id, course_id, lesson_id, title, order_index, content, video_embed_html) values ('subsection-email-segmentation', 'course-email-marketing', 'lesson-email-segmentation', 'Segmentation', 1, '["In this section, we will segment audiences for relevance."]'::jsonb, null);
insert into lms_lessons (id, course_id, module_id, title, order_index) values ('lesson-email-automation', 'course-email-marketing', 'module-email-core', 'Automating Email Sequences', 4);
insert into lms_subsections (id, course_id, lesson_id, title, order_index, content, video_embed_html) values ('subsection-email-automation', 'course-email-marketing', 'lesson-email-automation', 'Automation', 1, '["In this section, we will build automations for onboarding and retention."]'::jsonb, null);
insert into lms_lessons (id, course_id, module_id, title, order_index) values ('lesson-email-analytics', 'course-email-marketing', 'module-email-core', 'Tracking and Improving Email Performance', 5);
insert into lms_subsections (id, course_id, lesson_id, title, order_index, content, video_embed_html) values ('subsection-email-analytics', 'course-email-marketing', 'lesson-email-analytics', 'Performance tracking', 1, '["In this section, we will measure deliverability, opens, clicks, and conversions."]'::jsonb, null);
insert into lms_courses (id, slug, title, short_description, description, category, level, total_duration_label, completion_type, certificate_enabled, is_sequential, is_published, metadata) values ('course-analytics', 'analytics-data-driven-marketing', 'Analytics and Data-Driven Marketing', 'Master core metrics, GA4 reports, and A/B testing to improve outcomes.', 'This course focuses on marketing analytics, dashboards, and optimization experiments.', 'Digital Marketing', 'Intermediate', '6 Hours', 'mandatory_subsection_completion', true, false, true, '{"outcomes":["Track CTR, ROI, and conversion rate effectively.","Analyze GA4 reports and dashboards.","Run A/B tests to improve performance."],"prerequisites":["Basic understanding of marketing funnels."],"resources":[{"title":"Google Analytics Help","url":"https://support.google.com/analytics/answer/9304153"},{"title":"Google Tag Manager Help","url":"https://support.google.com/tagmanager/"},{"title":"Optimizely Documentation","url":"https://docs.developers.optimizely.com/"}]}'::jsonb);
insert into lms_modules (id, course_id, title, duration_label, order_index) values ('module-analytics-core', 'course-analytics', 'Analytics Core', '6 Hours', 1);
insert into lms_lessons (id, course_id, module_id, title, order_index) values ('lesson-analytics-metrics', 'course-analytics', 'module-analytics-core', 'Understanding Metrics: CTR, ROI, Bounce Rate, Conversion Rate', 1);
insert into lms_subsections (id, course_id, lesson_id, title, order_index, content, video_embed_html) values ('subsection-analytics-metrics', 'course-analytics', 'lesson-analytics-metrics', 'Core marketing metrics', 1, '["In this section, we will explain CTR, ROI, bounce rate, and conversion rate."]'::jsonb, null);
insert into lms_lessons (id, course_id, module_id, title, order_index) values ('lesson-analytics-ga4', 'course-analytics', 'module-analytics-core', 'Google Analytics Deep Dive: Dashboards and Reports', 2);
insert into lms_subsections (id, course_id, lesson_id, title, order_index, content, video_embed_html) values ('subsection-analytics-ga4', 'course-analytics', 'lesson-analytics-ga4', 'Dashboards and reports', 1, '["In this section, we will read GA4 reports and create dashboards."]'::jsonb, null);
insert into lms_lessons (id, course_id, module_id, title, order_index) values ('lesson-analytics-refine', 'course-analytics', 'module-analytics-core', 'Using Data to Refine Campaigns', 3);
insert into lms_subsections (id, course_id, lesson_id, title, order_index, content, video_embed_html) values ('subsection-analytics-refine', 'course-analytics', 'lesson-analytics-refine', 'Campaign refinement', 1, '["In this section, we will turn data into optimization actions."]'::jsonb, null);
insert into lms_lessons (id, course_id, module_id, title, order_index) values ('lesson-analytics-ab', 'course-analytics', 'module-analytics-core', 'A/B Testing for Optimization', 4);
insert into lms_subsections (id, course_id, lesson_id, title, order_index, content, video_embed_html) values ('subsection-analytics-ab', 'course-analytics', 'lesson-analytics-ab', 'A/B testing', 1, '["In this section, we will plan tests and measure impact."]'::jsonb, null);
insert into lms_courses (id, slug, title, short_description, description, category, level, total_duration_label, completion_type, certificate_enabled, is_sequential, is_published, metadata) values ('course-freelancing', 'freelancing-job-preparation', 'Freelancing and Job Preparation', 'Build a portfolio, write winning proposals, and prepare for marketing roles.', 'This course helps you package your skills and land opportunities in digital marketing.', 'Career Growth', 'Beginner', '6 Hours', 'mandatory_subsection_completion', true, false, true, '{"outcomes":["Create an online portfolio and professional profile.","Write proposals that convert.","Prepare for interviews and networking."],"prerequisites":["Interest in freelancing or marketing roles."],"resources":[{"title":"LinkedIn Help","url":"https://www.linkedin.com/help/linkedin"},{"title":"Upwork Resources","url":"https://www.upwork.com/resources"},{"title":"Fiverr Learn","url":"https://learn.fiverr.com/"}]}'::jsonb);
insert into lms_modules (id, course_id, title, duration_label, order_index) values ('module-freelancing-core', 'course-freelancing', 'Freelancing Core', '6 Hours', 1);
insert into lms_lessons (id, course_id, module_id, title, order_index) values ('lesson-freelancing-portfolio', 'course-freelancing', 'module-freelancing-core', 'Building an Online Portfolio', 1);
insert into lms_subsections (id, course_id, lesson_id, title, order_index, content, video_embed_html) values ('subsection-freelancing-portfolio', 'course-freelancing', 'lesson-freelancing-portfolio', 'Upwork, Fiverr, LinkedIn', 1, '["In this section, we will build a portfolio on the right platforms."]'::jsonb, null);
insert into lms_lessons (id, course_id, module_id, title, order_index) values ('lesson-freelancing-proposals', 'course-freelancing', 'module-freelancing-core', 'Writing Winning Proposals', 2);
insert into lms_subsections (id, course_id, lesson_id, title, order_index, content, video_embed_html) values ('subsection-freelancing-proposals', 'course-freelancing', 'lesson-freelancing-proposals', 'Proposal writing', 1, '["In this section, we will write proposals that stand out."]'::jsonb, null);
insert into lms_lessons (id, course_id, module_id, title, order_index) values ('lesson-freelancing-interviews', 'course-freelancing', 'module-freelancing-core', 'Cracking Interviews for Digital Marketing Roles', 3);
insert into lms_subsections (id, course_id, lesson_id, title, order_index, content, video_embed_html) values ('subsection-freelancing-interviews', 'course-freelancing', 'lesson-freelancing-interviews', 'Interview preparation', 1, '["In this section, we will prepare for common interview questions."]'::jsonb, null);
insert into lms_lessons (id, course_id, module_id, title, order_index) values ('lesson-freelancing-networking', 'course-freelancing', 'module-freelancing-core', 'Networking and Building a Personal Brand', 4);
insert into lms_subsections (id, course_id, lesson_id, title, order_index, content, video_embed_html) values ('subsection-freelancing-networking', 'course-freelancing', 'lesson-freelancing-networking', 'Networking and personal brand', 1, '["In this section, we will build a brand that earns trust."]'::jsonb, null);
insert into lms_courses (id, slug, title, short_description, description, category, level, total_duration_label, completion_type, certificate_enabled, is_sequential, is_published, metadata) values ('course-advanced-topics', 'advanced-topics', 'Advanced Topics (Optional for Premium Courses)', 'Explore automation, AI, programmatic ads, and affiliate marketing.', 'This optional module introduces advanced areas for learners who want to go deeper.', 'Advanced Marketing', 'Advanced', '6 Hours', 'mandatory_subsection_completion', false, false, true, '{"outcomes":["Understand the role of automation and AI in marketing.","Learn the basics of programmatic and affiliate strategies."],"prerequisites":["Completion of foundational marketing courses."],"resources":[{"title":"HubSpot Academy","url":"https://academy.hubspot.com/"},{"title":"Meta Ads Library","url":"https://www.facebook.com/ads/library/"},{"title":"Google Marketing Platform","url":"https://marketingplatform.google.com/"}]}'::jsonb);
insert into lms_modules (id, course_id, title, duration_label, order_index) values ('module-advanced-core', 'course-advanced-topics', 'Advanced Topics', '6 Hours', 1);
insert into lms_lessons (id, course_id, module_id, title, order_index) values ('lesson-advanced-automation', 'course-advanced-topics', 'module-advanced-core', 'Introduction to Marketing Automation Tools', 1);
insert into lms_subsections (id, course_id, lesson_id, title, order_index, content, video_embed_html) values ('subsection-advanced-automation', 'course-advanced-topics', 'lesson-advanced-automation', 'HubSpot, Zoho', 1, '["In this section, we will introduce marketing automation platforms."]'::jsonb, null);
insert into lms_lessons (id, course_id, module_id, title, order_index) values ('lesson-advanced-ai', 'course-advanced-topics', 'module-advanced-core', 'Understanding AI in Digital Marketing', 2);
insert into lms_subsections (id, course_id, lesson_id, title, order_index, content, video_embed_html) values ('subsection-advanced-ai', 'course-advanced-topics', 'lesson-advanced-ai', 'ChatGPT, DALL-E, Jasper', 1, '["In this section, we will discuss how AI tools support marketing work."]'::jsonb, null);
insert into lms_lessons (id, course_id, module_id, title, order_index) values ('lesson-advanced-programmatic', 'course-advanced-topics', 'module-advanced-core', 'Programmatic Advertising Basics', 3);
insert into lms_subsections (id, course_id, lesson_id, title, order_index, content, video_embed_html) values ('subsection-advanced-programmatic', 'course-advanced-topics', 'lesson-advanced-programmatic', 'Programmatic advertising', 1, '["In this section, we will explain how programmatic buying works."]'::jsonb, null);
insert into lms_lessons (id, course_id, module_id, title, order_index) values ('lesson-advanced-affiliate', 'course-advanced-topics', 'module-advanced-core', 'Affiliate Marketing Strategies', 4);
insert into lms_subsections (id, course_id, lesson_id, title, order_index, content, video_embed_html) values ('subsection-advanced-affiliate', 'course-advanced-topics', 'lesson-advanced-affiliate', 'Affiliate marketing strategies', 1, '["In this section, we will explore affiliate models and partner management."]'::jsonb, null);
commit;
